{"('MFI', 'Lower')":{"IFNg":242.3967453346,"IL-2":401.954275339,"IL-4":342.5706405497,"IL-6":273.720401558,"IL-10":223.3003522342,"IL-17A":219.4249455099,"TNFa":237.1795287015},"('MFI', 'Upper')":{"IFNg":125178.2821856805,"IL-2":17679.5493169864,"IL-4":57577.5471165063,"IL-6":131111.3167576524,"IL-10":25338.9587444801,"IL-17A":82253.9905639032,"TNFa":82719.3374634754},"('Concentration', 'Lower')":{"IFNg":0.0000648781,"IL-2":0.0002114942,"IL-4":0.0003190904,"IL-6":0.000119074,"IL-10":0.0004242184,"IL-17A":0.0001170324,"TNFa":0.0002483357},"('Concentration', 'Upper')":{"IFNg":1.2665223064,"IL-2":0.0865282753,"IL-4":0.3266593388,"IL-6":1.0232957573,"IL-10":1.4916449388,"IL-17A":1.6136178491,"TNFa":1.3132086756}}