{"('MFI', 'Lower')":{"IFNg":266.5837520013,"IL-2":428.0894544374,"IL-4":309.0678388668,"IL-6":308.1427647284,"IL-10":246.0110220674,"IL-17A":236.3631889125,"TNFa":258.7010302219},"('MFI', 'Upper')":{"IFNg":78410.8379830371,"IL-2":62343.3545882909,"IL-4":81582.310308969,"IL-6":49380.1699313379,"IL-10":85961.3877826847,"IL-17A":44222.5482022986,"TNFa":9887.9526068069},"('Concentration', 'Lower')":{"IFNg":0.0004876329,"IL-2":0.0005926335,"IL-4":0.0003027446,"IL-6":0.0004686136,"IL-10":0.0001453005,"IL-17A":0.0036164483,"TNFa":0.0041000908},"('Concentration', 'Upper')":{"IFNg":1.2752789643,"IL-2":1.3962179538,"IL-4":1.7083060494,"IL-6":1.1028355636,"IL-10":1.2726336209,"IL-17A":1.2413870486,"TNFa":1.5345478509}}