{"('MFI', 'Lower')":{"IFNg":324.8005429548,"IL-2":557.1217712748,"IL-4":426.9910966223,"IL-6":369.6278197743,"IL-10":301.8874904347,"IL-17A":317.0147747818,"TNFa":325.8260504663},"('MFI', 'Upper')":{"IFNg":94281.7867952413,"IL-2":12552.3926932237,"IL-4":38251.5660918255,"IL-6":105485.8426581483,"IL-10":22219.3765918068,"IL-17A":33722.6503595764,"TNFa":31625.4364342844},"('Concentration', 'Lower')":{"IFNg":0.0001211873,"IL-2":0.0012287711,"IL-4":0.0011083951,"IL-6":0.0006152503,"IL-10":0.0017824978,"IL-17A":0.0002648317,"TNFa":0.0029580156},"('Concentration', 'Upper')":{"IFNg":0.9212323559,"IL-2":0.0700663618,"IL-4":0.2319107449,"IL-6":0.9322048809,"IL-10":1.3157033005,"IL-17A":0.4687883525,"TNFa":1.2353505749}}