{"('MFI', 'Lower')":{"IFNg":293.8437373643,"IL-2":502.7816864074,"IL-4":407.3486545241,"IL-6":336.8969932159,"IL-10":275.3278019973,"IL-17A":281.1635700921,"TNFa":299.874836195},"('MFI', 'Upper')":{"IFNg":109308.1892174147,"IL-2":24375.7159590035,"IL-4":36045.1158028459,"IL-6":79497.2602137488,"IL-10":20357.4972520356,"IL-17A":44268.428312865,"TNFa":34418.3890356881},"('Concentration', 'Lower')":{"IFNg":0.000096778,"IL-2":0.0005734262,"IL-4":0.0007419843,"IL-6":0.0002330156,"IL-10":0.0012005584,"IL-17A":0.0003378209,"TNFa":0.0009485219},"('Concentration', 'Upper')":{"IFNg":1.4295076955,"IL-2":0.1564955772,"IL-4":0.2676835168,"IL-6":1.088255785,"IL-10":1.4119092619,"IL-17A":1.7217945399,"TNFa":1.4074689889}}