{"('MFI', 'Lower')":{"IFNg":279.4425477797,"IL-2":461.8570172892,"IL-4":373.6248858413,"IL-6":347.3480506069,"IL-10":253.5532091148,"IL-17A":272.1769965225,"TNFa":263.262442975},"('MFI', 'Upper')":{"IFNg":257467.6746362936,"IL-2":71313.290839049,"IL-4":91919.5309043491,"IL-6":165500.3894756738,"IL-10":59462.5503552379,"IL-17A":70519.7774527964,"TNFa":103920.0751577051},"('Concentration', 'Lower')":{"IFNg":0.0000764106,"IL-2":0.0000810618,"IL-4":0.0001935057,"IL-6":0.0001932978,"IL-10":0.0005292793,"IL-17A":0.0001880786,"TNFa":0.0002591247},"('Concentration', 'Upper')":{"IFNg":1.2216123823,"IL-2":0.1442881486,"IL-4":0.4524713835,"IL-6":0.9580870673,"IL-10":1.1967318355,"IL-17A":0.7232087069,"TNFa":1.1949192043}}