{"('MFI', 'Lower')":{"IFNg":337.0812152475,"IL-2":574.5534325049,"IL-4":441.1687872328,"IL-6":400.0252527852,"IL-10":311.135366274,"IL-17A":311.8656508058,"TNFa":325.61732774},"('MFI', 'Upper')":{"IFNg":237349.4204559856,"IL-2":58089.1077631675,"IL-4":64894.9351706433,"IL-6":134123.7117486188,"IL-10":60180.7589366767,"IL-17A":44976.3801446787,"TNFa":80622.9700506764},"('Concentration', 'Lower')":{"IFNg":0.0000750622,"IL-2":0.0001014796,"IL-4":0.0002489043,"IL-6":0.0002570764,"IL-10":0.0005717845,"IL-17A":0.0002156326,"TNFa":0.00036039},"('Concentration', 'Upper')":{"IFNg":1.1656665508,"IL-2":0.0935701794,"IL-4":0.2447375954,"IL-6":0.9847207149,"IL-10":1.2150717849,"IL-17A":0.3785363833,"TNFa":1.3192040025}}