{"('MFI', 'Lower')":{"IFNg":298.311078771,"IL-2":558.7711312687,"IL-4":425.1071130436,"IL-6":330.5179560441,"IL-10":258.8142486663,"IL-17A":272.8737581084,"TNFa":287.5542683639},"('MFI', 'Upper')":{"IFNg":186333.4391178513,"IL-2":23797.8755571453,"IL-4":76818.4357059185,"IL-6":180287.8446041713,"IL-10":43444.7617118291,"IL-17A":89555.1488564866,"TNFa":80975.4150731129},"('Concentration', 'Lower')":{"IFNg":0.0000959935,"IL-2":0.0002986176,"IL-4":0.000459597,"IL-6":0.0001362619,"IL-10":0.0006849593,"IL-17A":0.0002196152,"TNFa":0.0003672898},"('Concentration', 'Upper')":{"IFNg":1.2809897156,"IL-2":0.1147774743,"IL-4":0.3915175831,"IL-6":0.9693964438,"IL-10":1.2457505071,"IL-17A":1.5231002461,"TNFa":1.2944359144}}