{"('MFI', 'Lower')":{"IFNg":224.6703237844,"IL-2":371.5826137835,"IL-4":315.0317414585,"IL-6":272.6176606074,"IL-10":210.8495021375,"IL-17A":222.7194184109,"TNFa":245.2384264358},"('MFI', 'Upper')":{"IFNg":100588.6468273935,"IL-2":24943.3828197763,"IL-4":82863.9387684575,"IL-6":140923.9804428547,"IL-10":21743.1834926623,"IL-17A":54264.7498671386,"TNFa":63294.5688211849},"('Concentration', 'Lower')":{"IFNg":0.0000603002,"IL-2":0.0003415922,"IL-4":0.0003601359,"IL-6":0.0000969473,"IL-10":0.0008311515,"IL-17A":0.0003292068,"TNFa":0.0005400594},"('Concentration', 'Upper')":{"IFNg":1.4759860782,"IL-2":0.4248188999,"IL-4":0.8267423331,"IL-6":1.028371844,"IL-10":1.3950776462,"IL-17A":1.5846424037,"TNFa":1.2787207382}}