{"('MFI', 'Lower')":{"IFNg":238.286604157,"IL-2":430.4571185165,"IL-4":328.536824204,"IL-6":259.3757694238,"IL-10":218.8139976119,"IL-17A":229.4939660687,"TNFa":239.9189935116},"('MFI', 'Upper')":{"IFNg":107372.9011699404,"IL-2":15762.3463074653,"IL-4":31502.8794226032,"IL-6":130410.1773270475,"IL-10":25466.0089087389,"IL-17A":36023.0338422494,"TNFa":57575.4592308963},"('Concentration', 'Lower')":{"IFNg":0.0000873813,"IL-2":0.0003807886,"IL-4":0.0004390252,"IL-6":0.0001131822,"IL-10":0.0005806493,"IL-17A":0.0003341585,"TNFa":0.0002921069},"('Concentration', 'Upper')":{"IFNg":0.9623955925,"IL-2":0.0860676132,"IL-4":0.1645437443,"IL-6":0.8697405108,"IL-10":1.4179470501,"IL-17A":0.6076464053,"TNFa":0.9762196272}}