{"('MFI', 'Lower')":{"IFNg":229.8905017383,"IL-2":380.9157771691,"IL-4":330.0777227678,"IL-6":238.6182418356,"IL-10":210.4197484842,"IL-17A":208.8917402449,"TNFa":203.1102893568},"('MFI', 'Upper')":{"IFNg":63400.5468438784,"IL-2":15309.1437459023,"IL-4":51669.8588430113,"IL-6":49549.1887696288,"IL-10":16460.896003225,"IL-17A":34586.7596900789,"TNFa":36305.7243570033},"('Concentration', 'Lower')":{"IFNg":0.000131326,"IL-2":0.000335273,"IL-4":0.0006414781,"IL-6":0.0001978001,"IL-10":0.0014459778,"IL-17A":0.0004348267,"TNFa":0.000308873},"('Concentration', 'Upper')":{"IFNg":1.5198579952,"IL-2":0.5135759543,"IL-4":1.7539373596,"IL-6":1.1811311692,"IL-10":1.3818358114,"IL-17A":1.6917383472,"TNFa":1.5161964994}}