{"('MFI', 'Lower')":{"IFNg":118.3205205089,"IL-2":148.9755578678,"IL-4":191.1054407141,"IL-5":510.2507718089,"IL-6":171.6904148921,"TNFa":135.1398809234,"IL-9":247.1963092467,"IL-10":233.591704317,"IL-13":344.0872638434,"IL-17A":278.961349453,"IL-17F":257.6337629398,"IL-21":329.1446405792,"IL-22":274.6475775342},"('MFI', 'Upper')":{"IFNg":134683.9656312653,"IL-2":116971.2445671333,"IL-4":103610.142172314,"IL-5":43981.8764546779,"IL-6":44006.6247415508,"TNFa":23490.4328596215,"IL-9":211753.6972626012,"IL-10":88102.2712290705,"IL-13":16616.9966109484,"IL-17A":14795.481754142,"IL-17F":3049.2197512625,"IL-21":3104.5449829109,"IL-22":33870.9561040869},"('Concentration', 'Lower')":{"IFNg":0.0000511435,"IL-2":0.0002089257,"IL-4":0.0000865713,"IL-5":0.0017693067,"IL-6":0.0004472852,"TNFa":0.0011748902,"IL-9":0.0024229246,"IL-10":0.0037923579,"IL-13":0.0023341214,"IL-17A":0.0045748428,"IL-17F":0.0259235445,"IL-21":0.0046291766,"IL-22":0.0007151677},"('Concentration', 'Upper')":{"IFNg":1.3079512182,"IL-2":1.2108633737,"IL-4":1.7370332788,"IL-5":0.8318333123,"IL-6":1.0492887003,"TNFa":1.3246833759,"IL-9":1.1366063623,"IL-10":0.89110509,"IL-13":2.3333306325,"IL-17A":1.5593458057,"IL-17F":1.9715564668,"IL-21":4.4463531061,"IL-22":1.5180615275}}